225,
225,
225,
225,
225,
225,
225,
225,
225,
218,225,225,225,225,225,225,225,225,225,225,225,225,225,225,225,225,225,225,225,225,225,225,225,225,225,225,225,225,225,225,225,225,225,225,225,225,225,225,225,225,225225,
219,225,225,225,225,225,225,225,225,225,225,225,225,225,225,225,225,225,225,225,225,225,225,225,225,225,225,225,225,225,225,225,225,225,225,225,225,225,225,225,225,225,225,225,225,225,225,225,225225,
224,225,225,225,225,225,225,225,225,225,225,225,225,225,225,225,225,225,225,225,225,225,225,225,225,225,225,225,225,225,225,225,225,225,225,225,225,225,225,225,225,225,225,225,225,225,225,225,182225,
219,225,225,225,225,225,225,225,225,225,225,225,225,225,225,225,225,225,225,225,225,225,225,225,225,225,225,225,225,225,225,225,225,225,225,225,225,225,225,225,225,225,225,225,225,225,225,225,225225,
225,225,225,225,225,225,225,225,225,225,225,225,225,225,225,225,225,225,225,225,225,225,225,225,225,225,225,225,225,225,225,225,225,225,225,225,225,225,225,225,225,225,225,225,225,225,225,225,225225,
218,225,225,225,225,225,225,225,225,225,225,225,225,225,225,225,225,225,225,225,225,225,225,225,225,225,225,225,225,225,225,225,225,225,225,225,225,225,225,225,225,225,225,225,225,225,225,225,225225,
225,225,225,225,225,225,225,225,225,225,225,225,225,225,225,225,225,225,225,225,225,225,225,225,225,225,225,225,225,225,225,225,225,225,225,225,225,225,225,225,225,225,225,225,225,225,225,225,182225,
219,225,225,225,225,225,225,225,225,225,225,225,225,225,225,225,225,225,225,225,225,225,225,225,225,225,225,225,225,225,225,225,225,225,225,225,225,225,225,225,225,225,225,225,225,225,225,225,225225,
225,225,225,225,225,225,225,225,225,225,225,225,225,225,225,225,225,225,225,225,225,225,225,225,225,225,225,225,225,225,225,225,225,225,225,225,225,225,225,225,225,225,225,225,225,225,225,225,225225,
225,225,225,225,225,225,225,225,225,225,225,225,225,225,225,225,225,225,225,225,225,225,225,225,225,225,225,225,225,225,225,225,225,225,225,225,225,225,225,225,225,225,225,225,225,225,225,225,182225,
225,225,225,225,225,225,225,225,225,225,225,225,225,225,225,225,225,225,225,225,225,225,225,225,225,225,225,225,225,225,225,225,225,225,225,225,225,225,225,225,225,225,225,225,225,225,225,225,225225,
182,225,182,225,182,225,182,225,182,182,225,182,225,182,225,182,225,182,182,225,182,225,182,225,182,225,182,225,182,182,225,182,225,182,225,182,225,182,182,225,182,225,182,225,182,225,182,225,182225,
225,225,225,225,225,225,225,225,225,225,225,225,225,225,225,225,225,225,225,225,225,225,225,225,225,225,225,225,225,225,225,225,225,225,225,225,225,225,225,225,225,225,225,225,225,225,225,225,225225,
225,225,225,225,225,225,225,225,225,225,225,225,225,225,225,225,225,225,225,225,225,225,225,225,225,225,225,225,225,225,225,225,225,225,225,225,225,225,225,225,225,225,225,225,225,225,225,225,225225,
225,225,225,225,225,225,225,225,225,225,225,225,225,225,225,225,225,225,225,225,225,225,225,225,225,225,225,225,225,225,225,225,225,225,225,225,225,225,225,225,225,225,225,225,225,225,225,225,182225,
225,225,225,225,225,225,225,225,225,225,225,225,225,225,225,225,225,225,225,225,225,225,225,225,225,225,225,225,225,225,225,225,225,225,225,225,225,225,225,225,225,225,225,225,225,225,225,225,225225,
219,225,225,225,225,225,225,225,225,225,225,225,225,225,225,225,225,225,225,225,225,225,225,225,225,225,225,225,225,225,225,225,225,225,225,225,225,225,225,225,225,225,225,225,225,225,225,225,225225,
224,225,225,225,225,225,225,225,225,225,225,225,225,225,225,225,225,225,225,225,225,225,225,225,225,225,225,225,225,225,225,225,225,225,225,225,225,225,225,225,225,225,225,225,225,225,225,225,225225,
219,225,225,225,225,225,225,225,225,225,225,225,225,225,225,225,225,225,225,225,225,225,225,225,225,225,225,225,225,225,225,225,225,225,225,225,225,225,225,225,225,225,225,225,225,225,225,225,182225,
218,225,225,225,225,225,225,225,225,225,225,225,225,225,225,225,225,225,225,225,225,225,225,225,225,225,225,225,225,225,225,225,225,225,225,225,225,225,225,225,225,225,225,225,225,225,225,225,225225,
219,225,225,225,225,225,225,225,225,225,225,225,225,225,225,225,225,225,225,225,225,225,225,225,225,225,225,225,225,225,225,225,225,225,225,225,225,225,225,225,225,225,225,225,225,225,225,225,225225,
218,225,225,225,225,225,225,225,225,225,225,225,225,225,225,225,225,225,225,225,225,225,225,225,225,225,225,225,225,225,225,225,225,225,225,225,225,225,225,225,225,225,225,225,225,225,225,225,225225,
218,225,225,225,225,225,225,225,225,225,225,225,225,225,225,225,225,225,225,225,225,225,225,225,225,225,225,225,225,225,225,225,225,225,225,225,225,225,225,225,225,225,225,225,225,225,225,225,182225,
219,225,225,225,225,225,225,225,225,225,225,225,225,225,225,225,225,225,225,225,225,225,225,225,225,225,225,225,225,225,225,225,225,225,225,225,225,225,225,225,225,225,225,225,225,225,225,225,225225,
218,225,225,225,225,225,225,225,225,225,225,225,225,225,225,225,225,225,225,225,225,225,225,225,225,225,225,225,225,225,225,225,225,225,225,225,225,225,225,225,225,225,225,225,225,225,225,225,225225,
218,225,225,225,225,225,225,225,225,225,225,225,225,225,225,225,225,225,225,225,225,225,225,225,225,225,225,225,225,225,225,225,225,225,225,225,225,225,225,225,225,225,225,225,225,225,225,225,225225,
218,225,225,225,225,225,225,225,225,225,225,225,225,225,225,225,225,225,225,225,225,225,225,225,225,225,225,225,225,225,225,225,225,225,225,225,225,225,225,225,225,225,225,225,225,225,225,225,182225,
218,225,225,225,225,225,225,225,225,225,225,225,225,225,225,225,225,225,225,225,225,225,225,225,225,225,225,225,225,225,225,225,225,225,225,225,225,225,225,225,225,225,225,225,225,225,225,225,225225,
211,225,225,225,225,225,225,225,225,225,225,225,225,225,225,225,225,225,225,225,225,225,225,225,225,225,225,225,225,225,225,225,225,225,225,225,225,225,225,225,225,225,225,225,225,225,225,225,225225,
169,225,225,225,225,225,225,225,225,225,225,225,225,225,225,225,225,225,225,225,225,225,225,225,225,225,225,225,225,225,225,225,225,225,225,225,225,225,225,225,225,225,225,225,225,225,225,225,182225,
204,225,225,225,225,225,225,225,225,225,225,225,225,225,225,225,225,225,225,225,225,225,225,225,225,225,225,225,225,225,225,225,225,225,225,225,225,225,225,225,225,225,225,225,225,225,225,225,225225,
198,225,182,225,182,225,182,225,225,182,225,182,225,182,225,182,225,225,182,225,182,225,182,225,182,225,182,225,225,182,225,182,225,182,225,182,225,182,225,182,225,225,182,225,182,225,225,225,182225,
191,182,225,225,225,225,225,225,182,225,225,225,225,225,225,225,225,182,225,225,225,225,225,225,225,225,225,225,182,225,225,225,225,225,225,225,225,225,225,225,182,225,225,225,225,225,182,225,225225,
191,211,225,225,225,225,225,225,225,225,225,225,225,225,225,225,225,225,225,225,225,225,225,225,225,225,225,225,225,225,225,225,225,225,225,225,225,225,225,225,225,225,225,225,225,225,225,225,182225,
191,162,225,225,225,225,225,225,225,225,225,225,225,225,225,225,225,225,225,225,225,225,225,225,225,225,225,225,225,225,225,225,225,225,225,225,225,225,225,225,225,225,225,225,225,225,225,225,225225,
191,191,182,225,225,225,225,225,225,225,225,225,225,225,225,225,225,225,225,225,225,225,225,225,225,225,225,225,225,225,225,225,225,225,225,225,225,225,225,225,225,225,225,225,225,225,225,225,225225,
191,190,198,225,225,225,225,225,225,225,225,225,225,225,225,225,225,225,225,225,225,225,225,225,225,225,225,225,225,225,225,225,225,225,225,225,225,225,225,225,225,225,225,225,225,225,225,225,225225,
191,191,155,182,225,225,225,225,225,225,225,225,225,225,225,225,225,225,225,225,225,225,225,225,225,225,225,225,225,225,225,225,225,225,225,225,225,225,225,225,225,225,225,225,225,225,225,225,182225,
191,190,191,198,182,225,225,225,225,225,225,225,225,225,225,225,225,225,225,225,225,225,225,225,225,225,225,225,225,225,225,225,225,225,225,225,225,225,225,225,225,225,225,225,225,225,225,225,225225,
191,191,191,154,205,225,225,225,225,225,225,225,225,225,225,225,225,225,225,225,225,225,225,225,225,225,225,225,225,225,225,225,225,225,225,225,225,225,225,225,225,225,225,225,225,225,225,225,225225,
191,190,191,191,155,175,225,225,225,225,225,225,225,225,225,225,225,225,225,225,225,225,225,225,225,225,225,225,225,225,225,225,225,225,225,225,225,225,225,225,225,225,225,225,225,225,225,225,225225,
191,191,191,190,191,191,175,225,189,225,225,225,225,225,225,225,225,225,225,225,225,225,225,225,225,225,225,225,225,225,225,225,225,225,225,225,225,225,225,225,225,225,225,225,225,225,225,225,182225,
191,190,191,191,190,191,161,212,225,225,225,225,225,225,225,225,225,225,225,225,225,225,225,225,225,225,225,225,225,225,225,225,225,225,225,225,225,225,225,225,225,225,225,225,225,225,225,225,225225,
191,191,190,190,191,191,190,161,176,225,225,225,225,225,225,225,225,225,225,225,225,225,225,225,225,225,225,225,225,225,225,225,225,225,225,225,225,225,225,225,225,225,225,225,225,225,225,225,225225,
190,190,191,191,191,190,191,190,197,175,225,225,225,225,225,225,225,225,225,225,225,225,225,225,225,225,225,225,225,225,225,225,225,225,225,225,225,225,225,225,225,225,225,225,225,225,225,225,225225,
191,191,191,190,190,191,190,191,190,155,175,225,225,225,225,225,225,225,225,225,225,225,225,225,225,225,225,225,225,225,225,225,225,225,225,225,225,225,225,225,225,225,225,225,225,225,225,225,182225,
190,190,190,191,191,190,191,190,191,190,155,168,225,225,225,225,225,225,225,225,225,225,225,225,225,225,225,225,225,225,225,225,225,225,225,225,225,225,225,225,225,225,225,225,225,225,225,225,225225,
191,191,191,190,190,191,190,191,190,191,190,155,168,218,225,225,225,225,225,225,225,225,225,225,225,225,225,225,225,225,225,225,225,225,225,225,225,225,225,225,225,225,225,225,225,225,225,225,225225,
190,190,190,191,191,190,191,190,191,190,191,190,190,161,176,225,225,225,225,225,225,225,225,225,225,225,225,225,225,225,225,225,225,225,225,225,225,225,225,225,225,225,225,225,225,225,225,225,225225,
191,190,191,190,190,191,190,190,190,191,190,190,191,190,154,175,218,225,225,225,225,225,225,225,225,225,225,225,225,225,225,225,225,225,225,225,225,225,225,225,225,225,225,225,225,225,225,225,182225,
190,191,190,190,191,190,191,190,191,190,191,190,191,190,191,154,161,182,225,225,225,225,225,225,225,225,225,225,225,225,225,225,225,225,225,225,225,225,225,225,225,225,225,225,225,225,225,225,225225,
191,190,191,190,190,190,190,191,190,190,190,191,190,190,190,191,190,155,175,218,189,218,189,218,189,182,225,182,182,225,182,225,182,225,182,225,182,225,182,225,182,225,182,225,182,225,182,225,182225,
190,190,190,190,191,190,191,190,190,191,190,190,191,190,191,190,190,190,154,161,218,225,225,225,225,225,225,225,225,225,225,225,225,225,225,225,225,225,225,225,225,225,225,225,225,225,225,225,225225,
191,190,191,190,190,190,190,190,190,190,191,190,190,191,190,190,191,190,191,190,155,175,225,225,225,225,225,225,225,225,225,225,225,225,225,225,225,225,225,225,225,225,225,225,225,225,225,225,225225,
190,190,190,190,191,190,191,190,191,190,190,190,190,190,190,190,190,190,190,190,190,154,168,218,225,225,225,225,225,225,225,225,225,225,225,225,225,225,225,225,225,225,225,225,225,225,225,225,182225,
191,190,191,190,190,190,190,190,190,190,190,191,190,191,190,191,190,191,190,191,190,190,154,161,218,225,225,225,225,225,225,225,225,225,225,225,225,225,225,225,225,225,225,225,225,225,225,225,225225,
190,190,190,190,190,191,190,190,190,191,190,190,190,190,190,190,190,190,190,190,190,191,190,190,155,175,225,225,225,225,225,225,225,225,225,225,225,225,225,225,225,225,225,225,225,225,225,225,225225,
190,190,190,191,190,190,190,191,190,190,190,190,190,190,191,190,190,190,191,190,190,190,190,190,190,160,176,225,225,225,225,225,225,225,225,225,225,225,225,225,225,225,225,225,225,225,225,225,225225,
191,190,190,190,190,190,190,190,190,190,190,191,190,190,190,190,190,190,190,190,190,190,190,190,190,190,197,182,225,225,225,225,225,225,225,225,225,225,225,225,225,225,225,225,225,225,225,225,182225,
190,190,190,190,190,190,190,190,190,190,190,190,190,190,190,190,190,190,190,190,191,190,190,190,190,190,190,175,225,225,225,225,225,225,225,225,225,225,225,225,225,225,225,225,225,225,225,225,225225,
190,190,190,190,190,190,190,190,190,190,190,190,190,190,190,190,190,190,190,190,190,190,190,190,190,190,190,161,225,225,225,225,225,225,225,225,225,225,225,225,225,225,225,225,225,225,225,225,225225,
191,154,197,155,191,160,191,155,196,155,190,161,191,154,161,191,154,161,190,191,160,191,155,196,155,196,191,168,225,225,225,225,225,225,225,225,225,225,225,225,225,225,225,225,225,225,225,225,225225,
160,197,154,196,160,191,160,196,155,196,161,190,160,197,190,196,197,190,197,160,191,160,196,191,196,155,160,218,225,225,225,225,225,225,225,225,225,225,225,225,225,225,225,225,225,225,225,225,182225,
190,190,190,190,190,190,190,190,190,190,190,190,190,190,154,190,154,190,154,190,190,190,154,190,190,154,168,225,225,225,225,225,225,225,225,225,225,225,225,225,225,225,225,225,225,225,225,225,225225,
154,190,196,154,190,190,154,190,154,190,154,190,154,190,190,154,190,190,190,190,154,190,190,190,154,167,225,225,225,225,225,225,225,225,225,225,225,225,225,225,225,225,225,225,225,225,225,225,225225,
196,190,154,190,196,154,196,190,196,190,196,190,196,190,160,190,196,154,160,190,196,154,196,154,167,219,225,225,225,225,225,225,225,225,225,225,225,225,225,225,225,225,225,225,225,225,225,225,225225,
154,160,190,160,154,190,154,160,154,154,154,160,154,160,190,190,160,190,190,196,154,190,154,168,225,225,225,225,225,225,225,225,225,225,225,225,225,225,225,225,225,225,225,225,225,225,225,225,182225,
196,190,160,190,196,160,196,190,196,196,196,190,196,190,154,160,190,154,160,154,160,160,175,225,225,225,225,225,225,225,225,225,225,225,225,225,225,225,225,225,225,225,225,225,225,225,225,225,225225,
154,196,154,160,160,190,154,160,154,154,154,160,154,160,196,160,190,160,196,154,161,175,225,225,225,225,225,225,225,225,225,225,225,225,225,225,225,225,225,225,225,225,225,225,225,225,225,225,225225,
160,154,160,190,154,160,154,196,160,196,160,190,160,154,160,190,160,160,154,167,218,225,225,225,225,225,225,225,225,225,225,225,225,225,225,225,225,225,225,225,225,225,225,225,225,225,225,225,225225,
196,160,160,160,160,196,160,160,154,160,154,160,160,196,154,160,154,160,168,225,225,225,225,225,225,225,225,225,225,225,225,225,225,225,225,225,225,225,225,225,225,225,225,225,225,225,225,225,182225,
160,154,196,154,160,154,160,154,160,196,160,160,154,160,160,160,160,168,182,219,188,183,224,182,225,182,182,225,182,182,225,182,225,182,225,182,225,182,182,225,182,225,182,225,182,225,182,225,182225,
160,160,160,160,160,160,160,160,160,160,154,160,160,160,160,154,174,225,225,225,225,225,225,225,225,225,225,225,225,225,225,225,225,225,225,225,225,225,225,225,225,225,225,225,225,225,225,225,225225,
154,160,160,160,160,160,160,160,160,160,160,160,160,160,160,174,225,225,225,225,225,225,225,225,225,225,225,225,225,225,225,225,225,225,225,225,225,225,225,225,225,225,225,225,225,225,225,225,225225,
160,160,160,160,160,160,160,160,160,160,160,160,160,160,131,225,225,225,225,225,225,225,225,225,225,225,225,225,225,225,225,225,225,225,225,225,225,225,225,225,225,225,225,225,225,225,225,225,182225,
124,160,160,160,124,160,160,160,124,160,160,160,160,125,218,225,225,225,225,225,225,225,225,225,225,225,225,225,225,225,225,225,225,225,225,225,225,225,225,225,225,225,225,225,225,225,225,225,225225,
160,160,124,160,160,160,124,160,160,160,124,160,124,181,225,225,225,225,225,225,225,225,225,225,225,225,225,225,225,225,225,225,225,225,225,225,225,225,225,225,225,225,225,225,225,225,225,225,225225,
160,124,160,124,160,130,160,124,160,124,160,124,174,225,225,225,225,225,225,225,225,225,225,225,225,225,225,225,225,225,225,225,225,225,225,225,225,225,225,225,225,225,225,225,225,225,225,225,225225,
124,166,160,166,124,160,160,166,124,166,160,131,218,225,225,225,225,225,225,225,225,225,225,225,225,225,225,225,225,225,225,225,225,225,225,225,225,225,225,225,225,225,225,225,225,225,225,225,182225,
160,124,130,124,160,130,124,124,166,124,124,174,225,225,225,225,225,225,225,225,225,225,225,225,225,225,225,225,225,225,225,225,225,225,225,225,225,225,225,225,225,225,225,225,225,225,225,225,225225,
130,166,124,160,130,160,130,166,124,160,130,182,225,225,225,225,225,225,225,225,225,225,225,225,225,225,225,225,225,225,225,225,225,225,225,225,225,225,225,225,225,225,225,225,225,225,225,225,225225,
124,124,166,130,124,130,124,124,130,124,174,225,225,225,225,225,225,225,225,225,225,225,225,225,225,225,225,225,225,225,225,225,225,225,225,225,225,225,225,225,225,225,225,225,225,225,225,225,225225,
160,130,130,124,130,160,130,166,124,130,181,225,225,225,225,225,225,225,225,225,225,225,225,225,225,225,225,225,225,225,225,225,225,225,225,225,225,225,225,225,225,225,225,225,225,225,225,225,182225,
130,130,124,130,124,130,124,130,130,130,219,225,225,225,225,225,225,225,225,225,225,225,225,225,225,225,225,225,225,225,225,225,225,225,225,225,225,225,225,225,225,225,225,225,225,225,225,225,225225,
130,124,130,130,130,130,130,130,124,137,225,225,225,225,225,225,225,225,225,225,225,225,225,225,225,225,225,225,225,225,225,225,225,225,225,225,225,225,225,225,225,225,225,225,225,225,225,225,225225,
130,130,130,124,130,130,124,130,130,174,225,225,225,225,225,225,225,225,225,225,225,225,225,225,225,225,225,225,225,225,225,225,225,225,225,225,225,225,225,225,225,225,225,225,225,225,225,225,225225,
130,130,130,130,130,130,130,130,124,181,225,225,225,225,225,225,225,225,225,225,225,225,225,225,225,225,225,225,225,225,225,225,225,225,225,225,225,225,225,225,225,225,225,225,225,225,225,225,182225,
130,130,94,130,130,130,94,130,130,181,225,225,225,225,225,225,225,225,225,225,225,225,225,225,225,225,225,225,225,225,225,225,225,225,225,225,225,225,225,225,225,225,225,225,225,225,225,225,225225,
94,130,130,130,94,130,130,130,94,181,225,225,225,225,225,225,225,225,225,225,225,225,225,225,225,225,225,225,225,225,225,225,225,225,225,225,225,225,225,225,225,225,225,225,225,225,225,225,225225,
130,94,130,94,130,94,94,94,130,181,225,225,225,225,225,225,225,225,225,225,225,225,225,225,225,225,225,225,225,225,225,225,225,225,225,225,225,225,225,225,225,225,225,225,225,225,225,225,225182,
94,130,94,130,94,130,130,130,94,175,225,225,225,225,225,225,225,225,225,225,225,225,225,225,225,225,225,225,225,225,225,225,225,225,225,225,225,225,225,225,225,225,225,225,225,225,225,225,182225,
137,100,136,94,137,100,100,94,100,138,225,182,225,183,224,225,182,225,225,182,225,182,225,225,182,225,182,225,225,182,225,182,225,225,225,182,225,225,182,225,182,225,225,225,182,225,225,225,225225,
94,130,95,136,94,130,131,136,130,137,224,225,225,224,225,183,225,225,182,225,225,225,225,182,225,225,225,225,182,225,225,225,225,182,225,225,225,182,225,225,225,225,182,225,225,225,182,225,182225,
94,100,100,94,100,100,100,94,94,101,182,225,225,225,225,225,225,225,225,225,225,225,225,225,225,225,225,225,225,225,225,225,225,225,225,225,225,225,225,225,225,225,225,225,225,225,225,225,225225,
100,130,94,100,130,94,94,136,100,94,181,225,225,225,225,225,225,225,225,225,225,225,225,225,225,225,225,225,225,225,225,225,225,225,225,225,225,225,225,225,225,225,225,225,225,225,225,225,225225,
94,100,100,94,100,100,100,94,94,94,144,225,225,225,225,225,225,225,225,225,225,225,225,225,225,225,225,225,225,225,225,225,225,225,225,225,225,225,225,225,225,225,225,225,225,225,225,225,182225,
130,100,94,100,94,136,94,100,100,100,137,225,225,225,225,225,225,225,225,225,225,225,225,225,225,225,225,225,225,225,225,225,225,225,225,225,225,225,225,225,225,225,225,225,225,225,225,225,225225,
100,100,94,100,100,94,100,94,100,94,100,182,225,225,225,225,225,225,225,225,225,225,225,225,225,225,225,225,225,225,225,225,225,225,225,225,225,225,225,225,225,225,225,225,225,225,225,225,225225,
100,94,100,100,94,100,100,100,94,100,94,181,225,225,225,225,225,225,225,225,225,225,225,225,225,225,225,225,225,225,225,225,225,225,225,225,225,225,225,225,225,225,225,225,225,225,225,225,225225,
94,100,94,100,100,100,94,100,100,100,100,137,225,225,225,225,225,225,225,225,225,225,225,225,225,225,225,225,225,225,225,225,225,225,225,225,225,225,225,225,225,225,225,225,225,225,225,225,182225,
100,100,100,100,94,100,100,94,100,94,100,100,188,225,225,225,225,225,225,225,225,225,225,225,225,225,225,225,225,225,225,225,225,225,225,225,225,225,225,225,225,225,225,225,225,225,225,225,225225,
100,100,100,100,100,100,100,100,100,100,94,100,181,225,225,225,225,225,225,225,225,225,225,225,225,225,225,225,225,225,225,225,225,225,225,225,225,225,225,225,225,225,225,225,225,225,225,225,225225,
100,100,94,100,100,94,100,64,100,100,100,100,138,225,225,225,225,225,225,225,225,225,225,225,225,225,225,225,225,225,225,225,225,225,225,225,225,225,225,225,225,225,225,225,225,225,225,225,225225,
100,64,100,64,100,64,100,100,100,64,100,64,101,224,225,225,225,225,225,225,225,225,225,225,225,225,225,225,225,225,225,225,225,225,225,225,225,225,225,225,225,225,225,225,225,225,225,225,182225,
100,100,100,100,100,100,100,100,100,100,100,100,100,182,225,225,225,225,225,225,225,225,225,225,225,225,225,225,225,225,225,225,225,225,225,225,225,225,225,225,225,225,225,225,225,225,225,225,225225,
100,64,100,100,64,100,100,64,100,64,100,100,64,144,225,225,225,225,225,225,225,225,225,225,225,225,225,225,225,225,225,225,225,225,225,225,225,225,225,225,225,225,225,225,225,225,225,225,225225,
64,100,100,64,100,100,64,100,100,100,100,64,100,137,225,225,225,225,225,225,225,225,225,225,225,225,225,225,225,225,225,225,225,225,225,225,225,225,225,225,225,225,225,225,225,225,225,225,225225,
100,100,64,100,100,64,100,100,64,64,100,100,64,101,188,225,225,225,225,225,225,225,225,225,225,225,225,225,225,225,225,225,225,225,225,225,225,225,225,225,225,225,225,225,225,225,225,225,182225,
100,64,100,100,64,100,100,64,100,100,100,64,100,100,182,225,225,225,225,225,225,225,225,225,225,225,225,225,225,225,225,225,225,225,225,225,225,225,225,225,225,225,225,225,225,225,225,225,225225,
64,100,106,64,106,64,64,100,106,64,70,100,100,64,181,225,225,225,225,225,225,225,225,225,225,225,225,225,225,225,225,225,225,225,225,225,225,225,225,225,225,225,225,225,225,225,225,225,225225,
106,64,64,100,64,100,106,64,64,100,100,64,70,64,144,225,225,225,225,225,225,225,225,225,225,225,225,225,225,225,225,225,225,225,225,225,225,225,225,225,225,225,225,225,225,225,225,225,225225,
64,100,106,64,106,64,64,100,106,64,64,106,100,100,107,182,225,182,225,182,225,182,225,182,225,182,225,182,225,182,225,182,225,182,225,182,225,182,225,182,225,182,225,182,225,182,225,182,182225,
100,70,64,100,64,100,106,64,64,100,106,64,64,70,101,225,225,225,225,225,225,225,225,225,225,225,225,225,225,225,225,225,225,225,225,225,225,225,225,225,225,225,225,225,225,225,225,225,225225,
70,100,100,70,106,70,64,106,106,70,64,100,106,64,101,188,225,225,225,225,225,225,225,225,225,225,225,225,225,225,225,225,225,225,225,225,225,225,225,225,225,225,225,225,225,225,225,225,182225,
64,64,70,64,64,100,64,64,64,64,100,70,64,70,106,182,225,225,225,225,225,225,225,225,225,225,225,225,225,225,225,225,225,225,225,225,225,225,225,225,225,225,225,225,225,225,225,225,225225,
70,106,100,70,106,70,70,106,70,106,70,100,70,100,64,188,225,225,225,225,225,225,225,225,225,225,225,225,225,225,225,225,225,225,225,225,225,225,225,225,225,225,225,225,225,225,225,225,225225,
100,64,70,64,64,64,100,64,64,64,64,70,100,70,70,182,225,225,225,225,225,225,225,225,225,225,225,225,225,225,225,225,225,225,225,225,225,225,225,225,225,225,225,225,225,225,225,225,225225,
70,70,100,70,106,70,70,70,106,70,106,64,70,106,64,181,225,225,225,225,225,225,225,225,225,225,225,225,225,225,225,225,225,225,225,225,225,225,225,225,225,225,225,225,225,225,225,225,182225,
70,64,70,106,64,70,100,70,64,70,64,70,64,64,70,187,225,225,225,225,225,225,225,225,225,225,225,225,225,225,225,225,225,225,225,225,225,225,225,225,225,225,225,225,225,225,225,225,225225,
100,70,70,64,70,64,70,64,70,64,70,106,70,70,70,145,225,225,225,225,225,225,225,225,225,225,225,225,225,225,225,225,225,225,225,225,225,225,225,225,225,225,225,225,225,225,225,225,225225,
70,70,70,70,106,70,70,70,106,70,70,64,70,64,70,181,225,225,225,225,225,225,225,225,225,225,225,225,225,225,225,225,225,225,225,225,225,225,225,225,225,225,225,225,225,225,225,225,225225,
64,70,64,70,64,70,64,70,64,70,70,70,70,70,70,145,225,225,225,225,225,225,225,225,225,225,225,225,225,225,225,225,225,225,225,225,225,225,225,225,225,225,225,225,225,225,225,225,182225,
70,70,70,70,70,70,70,70,70,70,64,70,64,70,70,145,225,225,225,225,225,225,225,225,225,225,225,225,225,225,225,225,225,225,225,225,225,225,225,225,225,225,225,225,225,225,225,225,225225,
70,64,70,70,70,64,70,70,70,70,70,70,70,70,70,145,225,225,225,225,225,225,225,225,225,225,225,225,225,225,225,225,225,225,225,225,225,225,225,225,225,225,225,225,225,225,225,225,225225,
70,70,70,70,70,70,70,70,64,70,70,70,70,70,70,144,225,225,225,225,225,225,225,225,225,225,225,225,225,225,225,225,225,225,225,225,225,225,225,225,225,225,225,225,225,225,225,225,225225,
70,70,70,70,70,70,70,70,70,70,70,70,70,70,70,145,225,225,225,225,225,225,225,225,225,225,225,225,225,225,225,225,225,225,225,225,225,225,225,225,225,225,225,225,225,225,225,225,182225,
70,70,70,70,70,70,70,70,70,70,70,70,70,70,34,144,225,225,225,225,225,225,225,225,225,225,225,225,225,225,225,225,225,225,225,225,225,225,225,225,225,225,225,225,225,225,225,225,225225,
70,34,70,70,34,70,34,70,70,34,70,34,70,70,70,145,225,225,225,225,225,225,225,225,225,225,225,225,225,225,225,225,225,225,225,225,225,225,225,225,225,225,225,225,225,225,225,225,225225,
70,70,70,70,70,70,70,70,70,70,70,70,70,34,70,151,225,225,225,225,225,225,225,225,225,225,225,225,225,225,225,225,225,225,225,225,225,225,225,225,225,225,225,225,225,225,225,225,225225,
70,34,70,34,70,70,34,70,34,70,34,70,70,70,70,145,225,225,225,225,225,225,225,225,225,225,225,225,225,225,225,225,225,225,225,225,225,225,225,225,225,225,225,225,225,225,225,225,182225,
34,76,70,76,34,70,76,70,70,70,76,70,40,70,34,187,225,225,225,225,225,225,225,225,225,225,225,225,225,225,225,225,225,225,225,225,225,225,225,225,225,225,225,225,225,225,225,225,225225,
70,70,34,70,70,76,34,70,40,70,34,70,70,34,70,188,219,225,225,225,225,225,225,225,182,225,225,225,225,182,225,225,225,225,225,225,225,225,182,225,225,225,225,225,225,225,225,225,182225,
70,40,70,76,34,70,70,34,70,34,70,76,34,76,70,182,188,225,182,182,225,182,225,182,225,225,182,225,182,225,225,182,225,182,225,182,225,182,225,225,182,225,182,225,182,225,182,225,225225,
40,70,70,34,70,40,34,76,76,70,40,34,70,34,70,188,225,225,225,225,225,225,225,225,225,225,225,225,225,225,225,225,225,225,225,225,225,225,225,225,225,225,225,225,225,225,225,225,182225,
70,34,40,76,34,70,76,70,34,34,70,76,70,40,71,224,225,225,225,225,225,225,225,225,225,225,225,225,225,225,225,225,225,225,225,225,225,225,225,225,225,225,225,225,225,225,225,225,225225,
40,76,70,34,76,40,34,34,76,76,40,34,70,40,70,189,225,225,225,225,225,225,225,225,225,225,225,225,225,225,225,225,225,225,225,225,225,225,225,225,225,225,225,225,225,225,225,225,225225,
70,34,34,76,34,70,76,76,34,34,70,40,76,40,71,224,225,225,225,225,225,225,225,225,225,225,225,225,225,225,225,225,225,225,225,225,225,225,225,225,225,225,225,225,225,225,225,225,225225,
40,76,76,34,76,40,34,34,76,76,40,70,34,34,70,188,225,225,225,225,225,225,225,225,225,225,225,225,225,225,225,225,225,225,225,225,225,225,225,225,225,225,225,225,225,225,225,225,182225,
70,40,34,76,34,70,40,76,34,34,70,40,76,76,40,188,225,225,225,225,225,225,225,225,225,225,225,225,225,225,225,225,225,225,225,225,225,225,225,225,225,225,225,225,225,225,225,225,225225,
40,34,40,34,40,40,76,34,40,40,40,34,40,34,34,188,225,225,225,225,225,225,225,225,225,225,225,225,225,225,225,225,225,225,225,225,225,225,225,225,225,225,225,225,225,225,225,225,225225,
70,40,76,40,76,34,40,40,40,70,40,76,34,76,40,188,225,225,225,225,225,225,225,225,225,225,225,225,225,225,225,225,225,225,225,225,225,225,225,225,225,225,225,225,225,225,225,225,225225,
40,40,34,40,34,76,40,34,76,40,34,40,40,34,40,145,225,225,225,225,225,225,225,225,225,225,225,225,225,225,225,225,225,225,225,225,225,225,225,225,225,225,225,225,225,225,225,225,182225,
76,34,76,40,40,34,40,76,34,40,76,34,76,40,40,151,225,225,225,225,225,225,225,225,225,225,225,225,225,225,225,225,225,225,225,225,225,225,225,225,225,225,225,225,225,225,225,225,225225,
40,40,40,40,76,40,40,40,40,40,40,40,40,40,34,114,225,225,225,225,225,225,225,225,225,225,225,225,225,225,225,225,225,225,225,225,225,225,225,225,225,225,225,225,225,225,225,225,225225,
40,76,40,34,40,40,34,40,76,34,40,40,40,40,40,114,225,225,225,225,225,225,225,225,225,225,225,225,225,225,225,225,225,225,225,225,225,225,225,225,225,225,225,225,225,225,225,225,225225,
34,40,40,40,40,40,40,40,40,40,40,70,40,40,40,71,225,225,225,225,225,225,225,225,225,225,225,225,225,225,225,225,225,225,225,225,225,225,225,225,225,225,225,225,225,225,225,225,182225,
40,40,40,40,40,76,40,40,40,40,40,40,40,40,40,76,188,225,225,225,225,225,225,225,225,225,225,225,225,225,225,225,225,225,225,225,225,225,225,225,225,225,225,225,225,225,225,225,225225,
41,40,40,40,41,40,40,40,41,40,40,40,40,40,41,40,151,225,225,225,225,225,225,225,225,225,225,225,225,225,225,225,225,225,225,225,225,225,225,225,225,225,225,225,225,225,225,225,225225,
40,40,41,40,40,40,41,40,40,40,41,40,41,40,40,40,114,225,225,225,225,225,225,225,225,225,225,225,225,225,225,225,225,225,225,225,225,225,225,225,225,225,225,225,225,225,225,225,225225,
40,40,40,40,40,41,40,40,41,40,40,40,40,40,40,41,71,188,225,225,225,225,225,225,225,225,225,225,225,225,225,225,225,225,225,225,225,225,225,225,225,225,225,225,225,225,225,225,182225,
41,41,41,41,41,40,40,41,40,41,41,41,41,41,41,40,41,188,225,225,225,225,225,225,225,225,225,225,225,225,225,225,225,225,225,225,225,225,225,225,225,225,225,225,225,225,225,225,225225,
40,40,40,40,40,41,41,40,41,40,40,40,40,40,40,41,40,115,219,225,225,225,225,182,225,225,225,225,182,225,225,225,225,182,225,225,225,225,182,225,225,225,182,225,225,225,225,225,182225,
41,41,41,41,41,40,41,41,41,41,41,41,41,41,41,40,41,71,188,225,182,225,182,225,225,182,225,182,225,225,182,225,182,225,225,182,225,182,225,225,182,225,225,225,182,225,182,225,225225,
41,41,40,41,41,41,41,40,41,40,41,41,40,41,41,41,41,41,188,225,225,225,225,225,225,225,225,225,225,225,225,225,225,225,225,225,225,225,225,225,225,225,225,225,225,225,225,225,182225,
41,41,41,41,40,41,41,41,41,41,41,41,41,41,40,41,41,41,152,225,225,225,225,225,225,225,225,225,225,225,225,225,225,225,225,225,225,225,225,225,225,225,225,225,225,225,225,225,225225,
41,41,41,41,41,41,41,41,41,41,41,41,41,41,41,41,41,41,151,225,225,225,225,225,225,225,225,225,225,225,225,225,225,225,225,225,225,225,225,225,225,225,225,225,225,225,225,225,225225,
41,41,41,41,41,41,41,41,41,41,41,41,41,41,41,41,41,41,115,225,225,225,225,225,225,225,225,225,225,225,225,225,225,225,225,225,225,225,225,225,225,225,225,225,225,225,225,225,225225,
41,41,41,42,41,41,41,41,41,41,41,41,41,41,41,41,41,41,115,225,225,225,225,225,225,225,225,225,225,225,225,225,225,225,225,225,225,225,225,225,225,225,225,225,225,225,225,225,182225,
42,41,42,41,41,42,41,42,41,42,41,42,41,42,41,42,41,41,151,225,225,225,225,225,225,225,225,225,225,225,225,225,225,225,225,225,225,225,225,225,225,225,225,225,225,225,225,225,225225,
41,42,41,41,42,41,42,41,42,41,42,41,42,41,41,41,42,41,151,225,225,225,225,225,225,225,225,225,225,225,225,225,225,225,225,225,225,225,225,225,225,225,225,225,225,225,225,225,225225,
41,41,42,42,41,42,41,42,41,42,41,42,41,42,42,42,41,36,152,225,225,225,225,225,225,225,225,225,225,225,225,225,225,225,225,225,225,225,225,225,225,225,225,225,225,225,225,225,225225,
42,42,42,41,42,41,42,41,42,41,42,41,42,41,42,41,42,42,188,225,225,225,225,225,225,225,225,225,225,225,225,225,225,225,225,225,225,225,225,225,225,225,225,225,225,225,225,225,182225,
41,42,41,42,42,42,42,42,42,42,41,42,42,42,42,42,41,78,225,225,225,225,225,225,225,225,225,225,225,225,225,225,225,225,225,225,225,225,225,225,225,225,225,225,225,225,225,225,225225,
42,42,42,42,42,42,41,42,42,42,42,42,42,41,42,42,42,79,225,225,225,225,225,225,225,225,225,225,225,225,225,225,225,225,225,225,225,225,225,225,225,225,225,225,225,225,225,225,225225,
42,42,42,42,42,42,42,42,42,42,42,42,42,42,42,42,42,115,225,225,225,225,225,225,225,225,225,225,225,225,225,225,225,225,225,225,225,225,225,225,225,225,225,225,225,225,225,225,225225,
42,42,42,42,42,42,42,42,42,42,42,42,42,42,42,42,42,152,225,225,225,225,225,225,225,225,225,225,225,225,225,225,225,225,225,225,225,225,225,225,225,225,225,225,225,225,225,225,182225,
42,42,42,42,42,42,42,42,42,42,42,42,42,42,42,42,42,188,225,225,225,225,225,225,225,225,225,225,225,225,225,225,225,225,225,225,225,225,225,225,225,225,225,225,225,225,225,225,225225,
43,42,42,42,43,42,43,42,43,42,42,43,42,43,42,42,73,189,225,225,225,225,225,225,225,225,225,225,225,225,225,225,225,225,225,225,225,225,225,225,225,225,225,225,225,225,225,225,225225,
42,43,43,43,42,42,42,42,42,43,43,42,42,42,43,42,79,225,225,225,225,225,225,225,225,225,225,225,225,225,225,225,225,225,225,225,225,225,225,225,225,225,225,225,225,225,225,225,225225,
43,42,42,42,42,43,43,43,43,42,42,42,43,43,42,43,79,225,225,225,225,225,225,225,225,225,225,225,225,225,225,225,225,225,225,225,225,225,225,225,225,225,225,225,225,225,225,225,182225,
42,43,43,43,43,43,42,42,42,43,43,43,43,42,43,42,115,225,225,225,225,225,225,225,225,225,225,225,225,225,225,225,225,225,225,225,225,225,225,225,225,225,225,225,225,225,225,225,225225,
43,42,43,42,43,42,43,43,43,43,42,43,42,43,42,43,116,225,225,225,225,225,225,225,225,225,225,225,225,225,225,225,225,225,225,225,225,225,225,225,225,225,225,225,225,225,225,225,225225,
43,43,42,43,43,43,43,43,42,43,43,43,43,43,43,43,152,182,225,182,182,225,182,225,182,225,182,182,225,182,182,225,182,225,182,225,182,225,182,182,225,182,225,182,225,182,225,182,182225,
43,43,43,43,43,43,43,43,43,43,43,43,43,43,43,43,152,225,225,225,225,225,225,225,225,225,225,225,225,225,225,225,225,225,225,225,225,225,225,225,225,225,225,225,225,225,225,225,225225,
43,43,43,43,43,43,43,43,43,43,43,43,43,43,43,43,189,225,225,225,225,225,225,225,225,225,225,225,225,225,225,225,225,225,225,225,225,225,225,225,225,225,225,225,225,225,225,225,225225,
43,43,43,43,43,43,43,43,43,43,43,43,43,43,43,43,188,225,225,225,225,225,225,225,225,225,225,225,225,225,225,225,225,225,225,225,225,225,225,225,225,225,225,225,225,225,225,225,182225,
44,43,43,43,44,43,43,43,43,44,43,43,43,43,43,43,189,225,225,225,225,225,225,225,225,225,225,225,225,225,225,225,225,225,225,225,225,225,225,225,225,225,225,225,225,225,225,225,225225,
43,43,44,43,43,43,44,44,43,43,43,44,43,44,44,79,189,225,225,225,225,225,225,225,225,225,225,225,225,225,225,225,225,225,225,225,225,225,225,225,225,225,225,225,225,225,225,225,225225,
44,44,43,44,44,44,43,43,43,44,44,43,44,43,43,43,189,225,225,225,225,225,225,225,225,225,225,225,225,225,225,225,225,225,225,225,225,225,225,225,225,225,225,225,225,225,225,225,225225,
43,43,44,43,43,43,44,44,44,44,43,44,43,44,44,44,225,225,225,225,225,225,225,225,225,225,225,225,225,225,225,225,225,225,225,225,225,225,225,225,225,225,225,225,225,225,225,225,182225,
44,44,43,44,44,44,44,43,44,43,44,43,44,43,43,80,189,225,225,225,225,225,225,225,225,225,225,225,225,225,225,225,225,225,225,225,225,225,225,225,225,225,225,225,225,225,225,225,225225,
43,44,44,44,44,43,44,44,43,44,44,44,44,44,44,44,188,225,225,225,225,225,225,225,225,225,225,225,225,225,225,225,225,225,225,225,225,225,225,225,225,225,225,225,225,225,225,225,225225,
44,44,44,44,44,44,44,44,44,44,44,44,44,44,44,44,189,225,225,225,225,225,225,225,225,225,225,225,225,225,225,225,225,225,225,225,225,225,225,225,225,225,225,225,225,225,225,225,225225,
44,44,44,44,44,44,44,44,44,44,44,44,44,44,44,44,189,225,225,225,225,225,225,225,225,225,225,225,225,225,225,225,225,225,225,225,225,225,225,225,225,225,225,225,225,225,225,225,182225,
44,44,44,44,44,44,44,44,44,44,44,44,44,44,44,44,188,225,225,225,225,225,225,225,225,225,225,225,225,225,225,225,225,225,225,225,225,225,225,225,225,225,225,225,225,225,225,225,225225,
44,44,44,44,44,44,44,44,44,44,44,44,44,44,44,44,153,225,225,225,225,225,225,225,225,225,225,225,225,225,225,225,225,225,225,225,225,225,225,225,225,225,225,225,225,225,225,225,225225,
45,44,45,44,45,44,45,44,45,44,45,44,45,44,45,44,152,225,225,225,225,225,225,225,225,225,225,225,225,225,225,225,225,225,225,225,225,225,225,225,225,225,225,225,225,225,225,225,225225,
44,45,44,45,44,45,44,45,44,45,44,45,44,45,44,44,153,225,225,225,225,225,225,225,225,225,225,225,225,225,225,225,225,225,225,225,225,225,225,225,225,225,225,225,225,225,225,225,182225,
45,44,45,44,45,44,45,44,45,44,45,44,45,44,45,45,117,225,225,225,225,225,225,225,225,225,225,225,225,225,225,225,225,225,225,225,225,225,225,225,225,225,225,225,225,225,225,225,225225,
44,45,44,45,45,45,44,45,44,45,44,45,45,45,44,45,116,225,225,225,225,225,225,225,225,225,225,225,225,225,225,225,225,225,225,225,225,225,225,225,225,225,225,225,225,225,225,225,225225,
45,45,45,45,44,45,45,45,45,45,45,45,44,45,45,44,117,225,225,225,225,225,225,225,225,225,225,225,225,225,225,225,225,225,225,225,225,225,225,225,225,225,225,225,225,225,225,225,225225,
44,45,45,45,45,45,45,44,45,45,44,45,45,45,45,45,117,225,225,225,225,225,225,225,225,225,225,225,225,225,225,225,225,225,225,225,225,225,225,225,225,225,225,225,225,225,225,225,182225,
39,45,81,44,45,45,81,45,45,81,45,45,81,45,45,45,74,225,182,182,225,182,225,182,225,182,182,225,182,182,225,182,225,182,225,182,225,182,182,225,182,225,182,225,182,225,182,225,182225,
45,45,45,39,81,39,45,39,45,39,45,45,39,45,39,45,81,225,225,225,225,225,225,225,225,225,225,225,225,225,225,225,225,225,225,225,225,225,225,225,225,225,225,225,225,225,225,225,225225,
39,45,39,45,44,45,45,44,45,45,44,39,45,44,45,45,75,225,225,225,225,225,225,225,225,225,225,225,225,225,225,225,225,225,225,225,225,225,225,225,225,225,225,225,225,225,225,225,225225,
45,39,45,39,45,39,39,39,39,39,39,45,39,45,39,39,81,225,225,225,225,225,225,225,225,225,225,225,225,225,225,225,225,225,225,225,225,225,225,225,225,225,225,225,225,225,225,225,182225,
39,44,39,45,39,39,45,45,45,39,45,39,45,39,38,45,39,189,225,225,225,225,225,225,225,225,225,225,225,225,225,225,225,225,225,225,225,225,225,225,225,225,225,225,225,225,225,225,225225,
39,39,39,39,38,45,39,39,38,39,38,45,39,39,45,39,74,225,225,225,225,225,225,225,225,225,225,225,225,225,225,225,225,225,225,225,225,225,225,225,225,225,225,225,225,225,225,225,225225,
39,39,44,39,39,39,38,39,45,39,39,39,38,39,39,39,39,189,225,225,225,225,225,225,225,225,225,225,225,225,225,225,225,225,225,225,225,225,225,225,225,225,225,225,225,225,225,225,225225,
38,39,39,39,39,39,39,39,39,38,39,39,39,39,38,39,38,189,225,225,225,225,225,225,225,225,225,225,225,225,225,225,225,225,225,225,225,225,225,225,225,225,225,225,225,225,225,225,182225,
39,39,38,39,38,39,39,38,39,39,39,38,39,39,39,39,39,183,225,225,225,225,225,225,225,225,225,225,225,225,225,225,225,225,225,225,225,225,225,225,225,225,225,225,225,225,225,225,225225,
39,39,33,39,39,38,39,33,38,39,39,39,39,38,39,39,38,189,225,225,225,225,225,225,225,225,225,225,225,225,225,225,225,225,225,225,225,225,225,225,225,225,225,225,225,225,225,225,225225,
33,38,39,38,33,33,39,39,39,33,32,39,32,33,39,32,39,183,225,225,225,225,225,225,225,225,225,225,225,225,225,225,225,225,225,225,225,225,225,225,225,225,225,225,225,225,225,225,225225,
38,39,32,33,39,38,39,32,33,38,39,32,39,39,32,39,33,152,225,225,225,225,225,225,225,225,225,225,225,225,225,225,225,225,225,225,225,225,225,225,225,225,225,225,225,225,225,225,182225,
33,33,33,38,33,32,33,33,38,33,33,39,33,32,39,33,38,183,225,225,225,225,225,225,225,225,225,225,225,225,225,225,225,225,225,225,225,225,225,225,225,225,225,225,225,225,225,225,225225,
33,38,33,33,38,33,39,32,33,39,32,33,32,33,33,32,33,147,225,225,225,225,225,225,225,225,225,225,225,225,225,225,225,225,225,225,225,225,225,225,225,225,225,225,225,225,225,225,225225,
32,33,33,32,33,33,32,33,33,32,33,32,33,39,32,33,33,146,225,225,225,225,225,225,225,225,225,225,225,225,225,225,225,225,225,225,225,225,225,225,225,225,225,225,225,225,225,225,225225,
33,32,32,33,33,32,33,32,32,33,33,33,32,32,33,32,32,147,225,225,225,225,225,225,225,225,225,225,225,225,225,225,225,225,225,225,225,225,225,225,225,225,225,225,225,225,225,225,182225,
32,33,33,32,32,33,32,33,33,32,32,32,33,33,32,33,33,110,225,225,225,225,225,225,225,225,225,225,225,225,225,225,225,225,225,225,225,225,225,225,225,225,225,225,225,225,225,225,225225,
33,32,32,33,33,32,33,32,32,33,33,33,26,32,33,32,32,111,225,225,225,225,225,225,225,225,225,225,225,225,225,225,225,225,225,225,225,225,225,225,225,225,225,225,225,225,225,225,225225,
26,33,27,26,32,27,32,27,27,32,26,32,33,33,26,33,27,104,225,225,225,225,225,225,225,225,225,225,225,225,225,225,225,225,225,225,225,225,225,225,225,225,225,225,225,225,225,225,225225,
33,26,32,33,27,32,27,32,32,27,33,33,26,26,27,32,26,69,188,225,225,225,225,225,182,225,225,225,225,182,225,225,225,225,225,225,225,225,182,225,225,225,225,225,225,225,225,225,182225,
26,32,27,26,32,27,26,26,27,32,26,26,26,33,32,27,27,68,219,182,225,182,225,182,225,225,182,225,182,225,225,182,225,182,225,182,225,182,225,225,182,225,182,225,182,225,182,225,182225,
27,27,26,26,27,32,27,33,26,27,26,27,33,26,26,26,32,26,189,225,225,225,225,225,225,225,225,225,225,225,225,225,225,225,225,225,225,225,225,225,225,225,225,225,225,225,225,225,225225,
26,32,26,33,26,26,32,26,26,32,27,32,26,26,33,27,26,27,146,225,225,225,225,225,225,225,225,225,225,225,225,225,225,225,225,225,225,225,225,225,225,225,225,225,225,225,225,225,225225,
33,26,33,26,33,27,27,26,33,27,26,26,27,33,26,26,33,27,104,225,225,225,225,225,225,225,225,225,225,225,225,225,225,225,225,225,225,225,225,225,225,225,225,225,225,225,225,225,182225,
26,27,26,27,26,26,32,27,26,32,27,33,26,26,27,32,26,26,68,225,225,225,225,225,225,225,225,225,225,225,225,225,225,225,225,225,225,225,225,225,225,225,225,225,225,225,225,225,225225,
26,32,27,26,33,26,27,26,32,27,26,26,27,32,26,27,27,33,26,183,225,225,225,225,225,225,225,225,225,225,225,225,225,225,225,225,225,225,225,225,225,225,225,225,225,225,225,225,225225,
27,27,26,32,26,27,32,27,27,26,26,33,26,27,27,32,26,26,27,110,225,225,225,225,225,225,225,225,225,225,225,225,225,225,225,225,225,225,225,225,225,225,225,225,225,225,225,225,225225,
26,32,27,27,27,26,27,26,32,27,33,26,27,32,26,27,26,27,26,68,225,225,225,225,225,225,225,225,225,225,225,225,225,225,225,225,225,225,225,225,225,225,225,225,225,225,225,225,182225,
27,26,26,32,26,33,26,26,27,26,26,26,26,27,26,32,27,32,27,26,183,225,225,225,225,225,225,225,225,225,225,225,225,225,225,225,225,225,225,225,225,225,225,225,225,225,225,225,225225,
32,27,27,27,26,26,27,33,26,27,33,27,33,26,27,27,26,27,26,27,146,225,225,225,225,225,225,225,225,225,225,225,225,225,225,225,225,225,225,225,225,225,225,225,225,225,225,225,225225,
27,26,32,26,27,33,26,26,27,26,26,26,26,27,32,26,26,32,27,26,68,225,225,225,225,225,225,225,225,225,225,225,225,225,225,225,225,225,225,225,225,225,225,225,225,225,225,225,225225,
26,27,26,33,26,26,26,33,26,32,27,33,26,26,27,33,27,27,26,26,69,183,225,225,225,225,225,225,225,225,225,225,225,225,225,225,225,225,225,225,225,225,225,225,225,225,225,225,182225,
33,26,27,26,27,27,27,26,27,27,26,26,27,27,26,26,26,26,33,27,26,182,225,225,225,225,225,225,225,225,225,225,225,225,225,225,225,225,225,225,225,225,225,225,225,225,225,225,225225,
26,27,26,27,26,32,26,27,32,26,26,27,26,32,27,26,33,27,26,26,26,147,225,225,225,225,225,225,225,225,225,225,225,225,225,225,225,225,225,225,225,225,225,225,225,225,225,225,225225,
27,26,27,32,27,26,27,26,27,27,27,32,27,27,26,27,26,26,27,27,27,140,225,225,225,225,225,225,225,225,225,225,225,225,225,225,225,225,225,225,225,225,225,225,225,225,225,225,225225,
32,26,26,27,26,27,26,27,26,26,26,27,26,26,27,26,26,27,26,26,26,111,225,225,225,225,225,225,225,225,225,225,225,225,225,225,225,225,225,225,225,225,225,225,225,225,225,225,182225,
27,27,27,26,33,26,27,32,26,27,27,26,32,27,26,33,27,26,33,26,27,104,225,225,225,225,225,225,225,225,225,225,225,225,225,225,225,225,225,225,225,225,225,225,225,225,225,225,225225,
26,32,26,26,26,27,26,27,27,32,26,27,27,26,27,26,26,27,26,27,26,105,225,225,225,225,225,225,225,225,225,225,225,225,225,225,225,225,225,225,225,225,225,225,225,225,225,225,225225,
27,27,27,27,27,26,27,26,26,26,27,26,26,27,26,26,27,26,27,26,27,146,225,225,225,225,225,225,225,225,225,225,225,225,225,225,225,225,225,225,225,225,225,225,225,225,225,225,225225,
26,26,26,26,26,27,26,27,27,27,32,27,27,26,33,27,26,27,26,27,26,105,225,225,225,225,225,225,225,225,225,225,225,225,225,225,225,225,225,225,225,225,225,225,225,225,225,225,182225,
27,27,27,26,33,26,27,26,26,26,27,26,26,27,26,26,27,26,27,26,26,146,225,182,225,182,225,182,182,225,182,225,182,225,182,225,182,225,182,225,182,225,182,225,182,225,182,225,182225,
26,26,26,27,26,27,26,27,27,27,26,27,27,26,27,27,26,27,26,27,27,147,225,225,225,225,225,225,225,225,225,225,225,225,225,225,225,225,225,225,225,225,225,225,225,225,225,225,225225,
27,27,27,26,27,26,27,26,26,26,27,26,26,27,26,26,27,26,27,26,26,146,225,225,225,225,225,225,225,225,225,225,225,225,225,225,225,225,225,225,225,225,225,225,225,225,225,225,225225,
26,26,26,27,26,27,26,27,27,27,26,27,27,26,27,27,26,27,26,27,27,141,225,225,225,225,225,225,225,225,225,225,225,225,225,225,225,225,225,225,225,225,225,225,225,225,225,225,182225,
27,27,27,26,27,26,27,26,26,26,27,26,26,27,26,26,27,26,27,26,26,110,225,225,225,225,225,225,225,225,225,225,225,225,225,225,225,225,225,225,225,225,225,225,225,225,225,225,225225,
26,26,26,27,26,27,26,27,27,27,26,27,27,26,27,27,26,27,26,27,27,105,225,225,225,225,225,225,225,225,225,225,225,225,225,225,225,225,225,225,225,225,225,225,225,225,225,225,225225,
27,27,27,26,27,26,27,26,26,26,27,26,26,27,26,26,27,26,27,26,26,104,225,225,225,225,225,225,225,225,225,225,225,225,225,225,225,225,225,225,225,225,225,225,225,225,225,225,225225,
26,26,26,27,26,27,26,27,27,27,26,27,27,26,27,27,26,27,26,27,27,105,225,225,225,225,225,225,225,225,225,225,225,225,225,225,225,225,225,225,225,225,225,225,225,225,225,225,182225,
27,27,27,26,27,26,27,26,26,26,27,26,26,27,26,26,27,26,27,26,26,68,225,225,225,225,225,225,225,225,225,225,225,225,225,225,225,225,225,225,225,225,225,225,225,225,225,225,225225,
26,26,26,27,26,27,26,27,27,27,26,27,27,26,27,27,26,27,26,27,26,105,225,225,225,225,225,225,225,225,225,225,225,225,225,225,225,225,225,225,225,225,225,225,225,225,225,225,225225,
27,27,27,26,27,26,27,26,26,26,27,26,26,27,26,26,27,26,27,26,21,68,225,225,225,225,225,225,225,225,225,225,225,225,225,225,225,225,225,225,225,225,225,225,225,225,225,225,225225,
26,26,26,27,26,27,26,27,27,27,26,27,27,20,27,27,26,27,26,27,26,69,225,225,225,225,225,225,225,225,225,225,225,225,225,225,225,225,225,225,225,225,225,225,225,225,225,225,182225,
27,27,21,26,27,26,27,26,20,26,27,27,26,27,26,26,27,26,27,26,21,104,225,225,225,225,225,225,225,225,225,225,225,225,225,225,225,225,225,225,225,225,225,225,225,225,225,225,225225,
26,27,26,27,26,27,26,27,27,27,26,26,27,26,27,27,21,27,26,27,26,68,225,225,225,225,225,225,225,225,225,225,225,225,225,225,225,225,225,225,225,225,225,225,225,225,225,225,225225,
27,26,27,26,27,21,27,26,26,26,21,27,26,27,26,26,26,26,27,26,27,105,225,225,225,225,225,225,225,225,225,225,225,225,225,225,225,225,225,225,225,225,225,225,225,225,225,225,225225,
20,27,26,27,26,26,26,27,27,27,26,26,27,20,27,27,27,21,26,27,20,104,225,225,225,225,225,225,225,225,225,225,225,225,225,225,225,225,225,225,225,225,225,225,225,225,225,225,182225,
27,26,27,20,27,27,27,20,26,26,27,27,26,27,26,26,27,26,27,26,27,105,225,225,225,225,225,225,225,225,225,225,225,225,225,225,225,225,225,225,225,225,225,225,225,225,225,225,225225,
27,21,26,27,26,27,26,27,27,27,26,21,27,26,21,27,26,27,20,27,26,104,225,225,225,225,225,225,225,225,225,225,225,225,225,225,225,225,225,225,225,225,225,225,225,225,225,225,225225,
26,26,27,26,27,20,27,26,27,20,27,26,26,27,27,26,27,26,27,26,27,141,225,225,225,225,225,225,225,225,225,225,225,225,225,225,225,225,225,225,225,225,225,225,225,225,225,225,182225,
27,27,27,21,26,27,26,21,26,27,26,27,21,26,26,27,20,27,27,27,20,110,225,225,225,225,182,225,225,225,225,225,225,225,225,225,225,225,225,225,225,225,225,225,225,225,225,225,225225,
26,20,26,26,27,27,27,26,27,26,27,27,26,27,21,27,27,26,20,26,27,141,224,182,225,182,225,225,182,182,225,182,182,225,182,182,225,182,182,225,182,225,182,225,182,225,182,225,182225,
27,27,27,27,26,20,26,27,26,21,26,20,27,26,26,26,26,27,27,27,26,147,225,225,225,225,225,225,225,225,225,225,225,225,225,225,225,225,225,225,225,225,225,225,225,225,225,225,225225,
26,20,27,20,27,27,27,21,27,26,27,27,26,21,27,27,21,26,20,27,20,147,225,225,225,225,225,225,225,225,225,225,225,225,225,225,225,225,225,225,225,225,225,225,225,225,225,225,225225,
27,27,26,27,26,20,26,26,26,27,26,20,27,27,26,26,26,27,27,27,26,183,225,225,225,225,225,225,225,225,225,225,225,225,225,225,225,225,225,225,225,225,225,225,225,225,225,225,182225,
27,20,27,20,27,27,27,21,27,21,27,27,26,20,27,21,27,20,26,20,26,183,225,225,225,225,225,225,225,225,225,225,225,225,225,225,225,225,225,225,225,225,225,225,225,225,225,225,225225,
26,27,26,27,26,20,26,27,26,26,26,20,27,27,26,26,27,27,27,27,27,183,225,225,225,225,225,225,225,225,225,225,225,225,225,225,225,225,225,225,225,225,225,225,225,225,225,225,225225,
21,26,21,27,21,27,27,20,27,27,21,27,27,20,27,21,26,20,26,21,26,189,225,225,225,225,225,225,225,225,225,225,225,225,225,225,225,225,225,225,225,225,225,225,225,225,225,225,225225,
26,27,27,26,26,26,21,27,26,20,27,26,20,27,27,26,27,27,27,26,62,225,225,225,225,225,225,225,225,225,225,225,225,225,225,225,225,225,225,225,225,225,225,225,225,225,225,225,182225,
21,26,20,27,21,27,26,20,27,27,26,27,27,20,26,21,26,21,26,21,63,225,225,225,225,225,225,225,225,225,225,225,225,225,225,225,225,225,225,225,225,225,225,225,225,225,225,225,225225,
26,21,27,27,26,20,27,27,27,20,27,21,26,27,27,27,21,26,27,26,68,225,225,225,225,225,225,225,225,225,225,225,225,225,225,225,225,225,225,225,225,225,225,225,225,225,225,225,225225,
27,26,26,20,27,27,21,26,20,27,20,26,21,26,20,26,26,21,26,21,105,225,225,225,225,225,225,225,225,225,225,225,225,225,225,225,225,225,225,225,225,225,225,225,225,225,225,225,225225,
20,27,21,27,27,26,26,21,27,26,27,27,26,21,27,21,27,26,27,27,140,225,225,225,225,225,225,225,225,225,225,225,225,225,225,225,225,225,225,225,225,225,225,225,225,225,225,225,182225,
27,27,26,20,26,21,27,26,27,21,26,21,27,27,26,27,26,21,27,20,147,225,225,225,225,225,225,225,225,225,225,225,225,225,225,225,225,225,225,225,225,225,225,225,225,225,225,225,225225,
26,20,27,21,27,26,21,21,26,26,21,26,26,20,27,20,21,26,20,26,183,225,225,225,225,225,225,225,225,225,225,225,225,225,225,225,225,225,225,225,225,225,225,225,225,225,225,225,225225,
21,27,20,27,26,21,26,26,27,21,27,21,21,27,20,27,27,27,27,27,183,225,225,225,225,225,225,225,225,225,225,225,225,225,225,225,225,225,225,225,225,225,225,225,225,225,225,225,225225,
27,20,27,26,21,27,27,21,20,27,26,26,27,26,27,27,20,26,21,62,225,225,225,225,225,225,225,225,225,225,225,225,225,225,225,225,225,225,225,225,225,225,225,225,225,225,225,225,182225,
20,27,26,21,27,20,20,27,27,26,21,21,26,21,20,20,27,21,26,62,225,225,225,225,225,225,225,225,225,225,225,225,225,225,225,225,225,225,225,225,225,225,225,225,225,225,225,225,225225,
27,27,21,26,20,27,27,26,20,21,27,26,21,26,27,27,27,26,21,105,225,225,225,225,225,225,225,225,225,225,225,225,225,225,225,225,225,225,225,225,225,225,225,225,225,225,225,225,225225,
21,20,26,21,27,27,20,21,27,26,26,21,27,27,21,26,20,21,27,140,225,225,225,225,225,225,225,225,225,225,225,225,225,225,225,225,225,225,225,225,225,225,225,225,225,225,225,225,182225,
26,27,27,26,21,20,27,27,26,21,21,27,20,20,26,21,27,27,26,183,225,225,225,225,225,225,225,225,225,225,225,225,225,225,225,225,225,225,225,225,225,225,225,225,225,225,225,225,225225,
21,27,20,21,27,27,26,20,21,27,26,26,27,27,21,27,20,20,27,182,225,182,225,182,225,182,225,182,182,225,182,225,182,225,182,225,182,225,182,225,182,225,182,225,182,225,182,225,182225,
26,21,27,26,20,20,21,27,27,20,21,21,21,20,27,20,27,27,62,225,225,225,225,225,225,225,225,225,225,225,225,225,225,225,225,225,225,225,225,225,225,225,225,225,225,225,225,225,225225,
27,21,26,21,27,27,27,20,20,27,26,27,26,27,26,27,20,21,105,225,225,225,225,225,225,225,225,225,225,225,225,225,225,225,225,225,225,225,225,225,225,225,225,225,225,225,225,225,225225,
20,26,21,27,20,21,20,27,27,21,21,20,21,20,21,21,21,26,146,225,225,225,225,225,225,225,225,225,225,225,225,225,225,225,225,225,225,225,225,225,225,225,225,225,225,225,225,225,182225,
27,21,27,20,27,26,27,21,20,27,26,27,27,27,26,27,26,63,183,225,225,225,225,225,225,225,225,225,225,225,225,225,225,225,225,225,225,225,225,225,225,225,225,225,225,225,225,225,225225,
21,26,20,27,21,21,20,27,27,20,21,21,20,21,21,20,21,62,225,225,225,225,225,225,225,225,225,225,225,225,225,225,225,225,225,225,225,225,225,225,225,225,225,225,225,225,225,225,225225,
26,21,27,21,26,26,27,21,20,27,26,26,27,26,26,27,21,105,225,225,225,225,225,225,225,225,225,225,225,225,225,225,225,225,225,225,225,225,225,225,225,225,225,225,225,225,225,225,225225,
21,26,21,26,21,21,21,26,27,21,21,21,21,21,21,27,20,146,225,225,225,225,225,225,225,225,225,225,225,225,225,225,225,225,225,225,225,225,225,225,225,225,225,225,225,225,225,225,182225,
27,21,26,21,21,26,26,21,20,27,20,26,27,20,27,20,27,183,225,225,225,225,225,225,225,225,225,225,225,225,225,225,225,225,225,225,225,225,225,225,225,225,225,225,225,225,225,225,225225,
20,20,21,27,26,21,21,21,27,20,27,21,21,27,20,21,62,225,225,225,225,225,225,225,225,225,225,225,225,225,225,225,225,225,225,225,225,225,225,225,225,225,225,225,225,225,225,225,225225,
27,27,27,20,21,21,26,21,20,27,20,21,26,20,27,21,104,225,225,225,225,225,225,225,225,225,225,225,225,225,225,225,225,225,225,225,225,225,225,225,225,225,225,225,225,225,225,225,225225,
21,20,21,21,26,27,21,26,27,21,27,26,21,27,21,20,141,225,225,225,225,225,225,225,225,225,225,225,225,225,225,225,225,225,225,225,225,225,225,225,225,225,225,225,225,225,225,225,182225,
20,27,21,26,21,21,20,21,21,20,21,21,21,20,21,27,182,225,225,225,225,225,225,225,225,225,225,225,225,225,225,225,225,225,225,225,225,225,225,225,225,225,225,225,225,225,225,225,225219,
27,20,26,21,27,20,27,27,20,27,26,21,26,27,21,62,189,225,225,225,225,225,225,225,225,225,225,225,225,225,225,225,225,225,225,225,225,225,225,225,225,225,225,225,225,225,225,225,225182,
21,27,21,27,20,27,21,20,27,21,21,26,21,21,26,99,225,225,225,225,225,225,225,225,225,225,225,225,225,225,225,225,225,225,225,225,225,225,225,225,225,225,225,225,225,225,225,225,225225,
21,20,21,20,21,21,26,21,20,27,20,21,27,20,21,140,225,225,225,225,225,225,225,225,225,225,225,225,225,225,225,225,225,225,225,225,225,225,225,225,225,225,225,225,225,225,225,225,182225,
26,21,26,21,27,20,21,27,21,20,27,21,20,21,26,183,225,225,225,225,225,225,225,225,225,225,225,225,225,225,225,225,225,225,225,225,225,225,225,225,225,225,225,225,225,225,225,225,225225,
21,27,21,26,21,27,21,20,21,27,21,20,27,21,63,225,225,225,225,225,225,225,225,225,225,225,225,225,225,225,225,225,225,225,225,225,225,225,225,225,225,225,225,225,225,225,225,225,225225,
21,20,21,21,21,20,21,27,20,21,20,27,21,20,104,225,225,225,225,225,225,225,225,225,225,225,225,225,225,225,225,225,225,225,225,225,225,225,225,225,225,225,225,225,225,225,225,225,182225,
20,21,26,21,26,21,26,21,21,26,21,21,20,21,147,225,225,225,225,225,225,225,225,225,225,225,225,225,225,225,225,225,225,225,225,225,225,225,225,225,225,225,225,225,225,225,225,225,225225,
21,27,21,20,21,27,21,20,27,21,21,26,21,26,182,225,182,182,225,182,182,225,182,182,225,182,182,225,182,182,182,225,182,225,182,182,225,182,182,225,182,225,182,225,182,225,182,225,182225,
21,20,21,27,21,20,21,21,20,27,20,21,21,99,225,225,225,225,225,225,225,225,225,225,225,225,225,225,225,225,225,225,225,225,225,225,225,225,225,225,225,225,225,225,225,225,225,225,225225,
20,27,20,21,20,27,20,27,21,20,21,26,21,104,225,225,225,225,225,225,225,225,225,225,225,225,225,225,225,225,225,225,225,225,225,225,225,225,225,225,225,225,225,225,225,225,225,225,225225,
27,21,21,26,21,21,21,20,27,21,27,21,20,183,225,225,225,225,225,225,225,225,225,225,225,225,225,225,225,225,225,225,225,225,225,225,225,225,225,225,225,225,225,225,225,225,225,225,182225,
21,20,21,21,21,26,21,21,20,21,20,21,57,189,225,225,225,225,225,225,225,225,225,225,225,225,225,225,225,225,225,225,225,225,225,225,225,225,225,225,225,225,225,225,225,225,225,225,225225,
26,21,27,20,27,21,21,27,21,20,27,21,62,225,225,225,225,225,225,225,225,225,225,225,225,225,225,225,225,225,225,225,225,225,225,225,225,225,225,225,225,225,225,225,225,225,225,225,225225,
21,21,20,21,21,20,21,20,21,21,21,20,105,225,225,225,225,225,225,225,225,225,225,225,225,225,225,225,225,225,225,225,225,225,225,225,225,225,225,225,225,225,225,225,225,225,225,225,225225,
21,20,27,21,20,27,20,27,21,27,20,21,183,225,225,225,225,225,225,225,225,225,225,225,225,225,225,225,225,225,225,225,225,225,225,225,225,225,225,225,225,225,225,225,225,225,225,225,182225,
21,21,21,21,21,21,21,20,21,20,21,62,189,225,225,225,225,225,225,225,225,225,225,225,225,225,225,225,225,225,225,225,225,225,225,225,225,225,225,225,225,225,225,225,225,225,225,225,225225,
21,26,21,20,27,20,21,21,27,21,21,63,225,225,225,225,225,225,225,225,225,225,225,225,225,225,225,225,225,225,225,225,225,225,225,225,225,225,225,225,225,225,225,225,225,225,225,225,225225,
21,21,20,21,20,21,27,20,21,20,21,140,225,225,225,225,225,225,225,225,225,225,225,225,225,225,225,225,225,225,225,225,225,225,225,225,225,225,225,225,225,225,225,225,225,225,225,225,225225,
26,21,21,27,21,21,20,21,20,21,20,147,225,225,225,225,225,225,225,225,225,225,225,225,225,225,225,225,225,225,225,225,225,225,225,225,225,225,225,225,225,225,225,225,225,225,225,225,182225,
21,21,20,21,20,21,21,21,27,21,57,183,225,225,225,225,225,225,225,225,225,225,225,225,225,225,225,225,225,225,225,225,225,225,225,225,225,225,225,225,225,225,225,225,225,225,225,225,225225,
20,21,21,21,21,27,20,21,20,21,62,225,225,225,225,225,225,225,225,225,225,225,225,225,225,225,225,225,225,225,225,225,225,225,225,225,225,225,225,225,225,225,225,225,225,225,225,225,225225,
21,21,26,21,20,21,21,21,21,20,105,225,225,225,225,225,225,225,225,225,225,225,225,225,225,225,225,225,225,225,225,225,225,225,225,225,225,225,225,225,225,225,225,225,225,225,225,225,225225,
21,20,21,21,21,20,21,20,21,21,183,225,225,225,225,225,225,225,225,225,225,225,225,225,225,225,225,225,225,225,225,225,225,225,225,225,225,225,225,225,225,225,225,225,225,225,225,225,182225,
27,21,21,20,21,27,21,21,21,56,189,225,225,225,225,225,225,225,225,225,225,225,225,225,225,225,225,225,225,225,225,225,225,225,225,225,225,225,225,225,225,225,225,225,225,225,225,225,225225,
21,20,21,21,21,21,20,21,20,63,225,225,225,225,225,225,225,225,225,225,225,225,225,225,225,225,225,225,225,225,225,225,225,225,225,225,225,225,225,225,225,225,225,225,225,225,225,225,225225,
21,21,21,20,21,20,21,21,21,104,225,225,225,225,225,225,225,225,225,225,225,225,225,225,225,225,225,225,225,225,225,225,225,225,225,225,225,225,225,225,225,225,225,225,225,225,225,225,182225,
21,20,21,21,21,21,21,20,21,183,225,225,225,225,225,225,225,225,225,225,225,225,225,225,225,225,225,225,225,225,225,225,225,225,225,225,225,225,225,225,225,225,225,225,225,225,225,225,225225,
20,21,21,20,21,20,21,21,20,183,182,225,182,225,182,225,182,225,182,225,182,225,182,225,182,225,182,225,182,225,182,225,182,225,182,225,182,225,182,225,182,225,182,225,182,225,182,225,182225,
21,20,21,21,21,21,21,21,63,224,225,225,225,225,225,225,225,225,225,225,225,225,225,225,225,225,225,225,225,225,225,225,225,225,225,225,225,225,225,225,225,225,225,225,225,225,225,225,225225,
21,21,21,20,21,20,21,20,99,225,225,225,225,225,225,225,225,225,225,225,225,225,225,225,225,225,225,225,225,225,225,225,225,225,225,225,225,225,225,225,225,225,225,225,225,225,225,225,225225,
21,20,21,21,21,21,21,21,140,225,225,225,225,225,225,225,225,225,225,225,225,225,225,225,225,225,225,225,225,225,225,225,225,225,225,225,225,225,225,225,225,225,225,225,225,225,225,225,182225,
21,21,21,20,21,20,21,20,147,225,225,225,225,225,225,225,225,225,225,225,225,225,225,225,225,225,225,225,225,225,225,225,225,225,225,225,225,225,225,225,225,225,225,225,225,225,225,225,225225,
21,20,21,21,21,21,21,57,183,225,225,225,225,225,225,225,225,225,225,225,225,225,225,225,225,225,225,225,225,225,225,225,225,225,225,225,225,225,225,225,225,225,225,225,225,225,225,225,225225,
20,21,21,20,21,20,21,63,224,225,225,225,225,225,225,225,225,225,225,225,225,225,225,225,225,225,225,225,225,225,225,225,225,225,225,225,225,225,225,225,225,225,225,225,225,225,225,225,225225,
21,21,21,21,21,21,21,62,225,225,225,225,225,225,225,225,225,225,225,225,225,225,225,225,225,225,225,225,225,225,225,225,225,225,225,225,225,225,225,225,225,225,225,225,225,225,225,225,182225,
21,20,21,20,21,20,21,105,225,225,225,225,225,225,225,225,225,225,225,225,225,225,225,225,225,225,225,225,225,225,225,225,225,225,225,225,225,225,225,225,225,225,225,225,225,225,225,225,225225,
21,21,21,21,21,21,21,140,225,225,225,225,225,225,225,225,225,225,225,225,225,225,225,225,225,225,225,225,225,225,225,225,225,225,225,225,225,225,225,225,225,225,225,225,225,225,225,225,225225,
21,21,20,15,20,21,20,183,225,225,225,225,225,225,225,225,225,225,225,225,225,225,225,225,225,225,225,225,225,225,225,225,225,225,225,225,225,225,225,225,225,225,225,225,225,225,225,225,225225,
15,21,21,21,21,21,63,225,225,225,225,225,225,225,225,225,225,225,225,225,225,225,225,225,225,225,225,225,225,225,225,225,225,225,225,225,225,225,225,225,225,225,225,225,225,225,225,225,182225,
21,20,21,20,21,15,98,225,225,225,225,225,225,225,225,225,225,225,225,225,225,225,225,225,225,225,225,225,225,225,225,225,225,225,225,225,225,225,225,225,225,225,225,225,225,225,225,225,225225,
21,21,21,21,21,20,105,225,224,225,225,225,225,225,225,225,225,225,225,225,225,225,225,225,225,225,225,225,225,225,225,225,225,225,225,225,225,225,225,225,225,225,225,225,225,225,225,225,225225,
21,20,21,15,21,21,147,225,183,225,225,225,225,225,225,225,225,225,225,225,225,225,225,225,225,225,225,225,225,225,225,225,225,225,225,225,225,225,225,225,225,225,225,225,225,225,225,225,225225,
21,15,21,20,21,20,183,225,225,225,225,225,225,225,225,225,225,225,225,225,225,225,225,225,225,225,225,225,225,225,225,225,225,225,225,225,225,225,225,225,225,225,225,225,225,225,225,225,182225,
20,21,21,21,21,56,225,225,225,225,225,225,225,225,225,225,225,225,225,225,225,225,225,225,225,225,225,225,225,225,225,225,225,225,225,225,225,225,225,225,225,225,225,225,225,225,225,225,225225,
15,21,20,15,21,99,225,225,225,225,225,225,225,225,225,225,225,225,225,225,225,225,225,225,225,225,225,225,225,225,225,225,225,225,225,225,225,225,225,225,225,225,225,225,225,225,225,225,225225,
21,21,21,21,21,140,225,225,225,225,225,225,225,225,225,225,225,225,225,225,225,225,225,225,225,225,225,225,225,225,225,225,225,225,225,225,225,225,225,225,225,225,225,225,225,225,225,225,182225,
21,20,15,21,20,183,225,225,225,225,225,225,225,225,225,225,225,225,225,225,225,225,225,225,225,225,225,225,225,225,225,225,225,225,225,225,225,225,225,225,225,225,225,225,225,225,225,225,225225,
15,21,21,21,21,183,224,182,225,182,182,225,182,225,182,182,225,182,182,225,182,225,182,182,225,182,225,182,182,225,182,225,182,225,182,225,182,225,182,225,182,225,182,225,182,225,182,225,182225,
21,21,14,21,56,225,225,225,225,225,225,225,225,225,225,225,225,225,225,225,225,225,225,225,225,225,225,225,225,225,225,225,225,225,225,225,225,225,225,225,225,225,225,225,225,225,225,225,225218,
21,21,21,21,63,225,225,225,225,225,225,225,225,225,225,225,225,225,225,225,225,225,225,225,225,225,225,225,225,225,225,225,225,225,225,225,225,225,225,225,225,225,225,225,225,225,225,225,225225,
21,14,21,15,140,225,225,225,225,225,225,225,225,225,225,225,225,225,225,225,225,225,225,225,225,225,225,225,225,225,225,225,225,225,225,225,225,225,225,225,225,225,225,225,225,225,225,225,182225,
21,21,21,21,141,225,225,225,225,225,225,225,225,225,225,225,225,225,225,225,225,225,225,225,225,225,225,225,225,225,225,225,225,225,225,225,225,225,225,225,225,225,225,225,225,225,225,225,225225,
15,20,15,20,183,225,225,225,225,225,225,225,225,225,225,225,225,225,225,225,225,225,225,225,225,225,225,225,225,225,225,225,225,225,225,225,225,225,225,225,225,225,225,225,225,225,225,225,225225,
21,21,21,21,183,225,225,225,225,225,225,225,225,225,225,225,225,225,225,225,225,225,225,225,225,225,225,225,225,225,225,225,225,225,225,225,225,225,225,225,225,225,225,225,225,225,225,225,225225,
20,15,21,56,225,225,225,225,225,225,225,225,225,225,225,225,225,225,225,225,225,225,225,225,225,225,225,225,225,225,225,225,225,225,225,225,225,225,225,225,225,225,225,225,225,225,225,225,182225,
15,21,21,63,225,225,225,225,225,225,225,225,225,225,225,225,225,225,225,225,225,225,225,225,225,225,225,225,225,225,225,225,225,225,225,225,225,225,225,225,225,225,225,225,225,225,225,225,225225,
21,20,15,98,225,225,225,225,225,225,225,225,225,225,225,225,225,225,225,225,225,225,225,225,225,225,225,225,225,225,225,225,225,225,225,225,225,225,225,225,225,225,225,225,225,225,225,225,225225,
21,15,21,141,225,225,225,225,225,225,225,225,225,225,225,225,225,225,225,225,225,225,225,225,225,225,225,225,225,225,225,225,225,225,225,225,225,225,225,225,225,225,225,225,225,225,225,225,225225,
15,21,21,141,225,225,225,225,225,225,225,225,225,225,225,225,225,225,225,225,225,225,225,225,225,225,225,225,225,225,225,225,225,225,225,225,225,225,225,225,225,225,225,225,225,225,225,225,182225,
21,20,15,182,225,225,225,225,225,225,225,225,225,225,225,225,225,225,225,225,225,225,225,225,225,225,225,225,225,225,225,225,225,225,225,225,225,225,225,225,225,225,225,225,225,225,225,225,225225,
21,15,21,183,225,225,225,225,225,225,225,225,225,225,225,225,225,225,225,225,225,225,225,225,225,225,225,225,225,225,225,225,225,225,225,225,225,225,225,225,225,225,225,225,225,225,225,225,225225,
15,21,20,183,225,225,225,225,225,225,225,225,225,225,225,225,225,225,225,225,225,225,225,225,225,225,225,225,225,225,225,225,225,225,225,225,225,225,225,225,225,225,225,225,225,225,225,225,225225,
21,21,57,225,225,225,225,225,225,225,225,225,225,225,225,225,225,225,225,225,225,225,225,225,225,225,225,225,225,225,225,225,225,225,225,225,225,225,225,225,225,225,225,225,225,225,225,225,182225,
15,15,56,225,225,225,225,225,225,225,225,225,225,225,225,225,225,225,225,225,225,225,225,225,225,225,225,225,225,225,225,225,225,225,225,225,225,225,225,225,225,225,225,225,225,225,225,225,225225,
21,21,63,225,225,225,225,225,225,225,225,225,225,225,225,225,225,225,225,225,225,225,225,225,225,225,225,225,225,225,225,225,225,225,225,225,225,225,225,225,225,225,225,225,225,225,225,225,225225,
21,15,98,225,225,225,225,225,225,225,225,225,225,225,225,225,225,225,225,225,225,225,225,225,225,225,225,225,225,225,225,225,225,225,225,225,225,225,225,225,225,225,225,225,225,225,225,225,225225,
21,15,105,225,225,225,225,225,225,225,225,225,225,225,225,225,225,225,225,225,225,225,225,225,225,225,225,225,225,225,225,225,225,225,225,225,225,225,225,225,225,225,225,225,225,225,225,225,182225,
21,14,141,182,225,182,182,225,182,182,225,182,225,182,225,182,182,225,182,182,225,182,225,182,225,182,182,225,182,182,225,182,225,182,225,182,225,182,182,225,182,225,182,225,182,225,182,225,182225,
15,15,183,225,225,225,225,225,225,225,225,225,225,225,225,225,225,225,225,225,225,225,225,225,225,225,225,225,225,225,225,225,225,225,225,225,225,225,225,225,225,225,225,225,225,225,225,225,225225,
21,20,183,225,225,225,225,225,225,225,225,225,225,225,225,225,225,225,225,225,225,225,225,225,225,225,225,225,225,225,225,225,225,225,225,225,225,225,225,225,225,225,225,225,225,225,225,225,225225,
15,57,189,225,225,225,225,225,225,225,225,225,225,225,225,225,225,225,225,225,225,225,225,225,225,225,225,225,225,225,225,225,225,225,225,225,225,225,225,225,225,225,225,225,225,225,225,225,182225,
15,57,225,225,225,225,225,225,225,225,225,225,225,225,225,225,225,225,225,225,225,225,225,225,225,225,225,225,225,225,225,225,225,225,225,225,225,225,225,225,225,225,225,225,225,225,225,225,225225,
21,56,225,225,225,225,225,225,225,225,225,225,225,225,225,225,225,225,225,225,225,225,225,225,225,225,225,225,225,225,225,225,225,225,225,225,225,225,225,225,225,225,225,225,225,225,225,225,225225,
15,63,225,225,225,225,225,225,225,225,225,225,225,225,225,225,225,225,225,225,225,225,225,225,225,225,225,225,225,225,225,225,225,225,225,225,225,225,225,225,225,225,225,225,225,225,225,225,225225,
15,99,225,225,225,225,225,225,225,225,225,225,225,225,225,225,225,225,225,225,225,225,225,225,225,225,225,225,225,225,225,225,225,225,225,225,225,225,225,225,225,225,225,225,225,225,225,225,182225,
15,98,225,225,225,225,225,225,225,225,225,225,225,225,225,225,225,225,225,225,225,225,225,225,225,225,225,225,225,225,225,225,225,225,225,225,225,225,225,225,225,225,225,225,225,225,225,225,225225,
15,105,225,225,225,225,225,225,225,225,225,225,225,225,225,225,225,225,225,225,225,225,225,225,225,225,225,225,225,225,225,225,225,225,225,225,225,225,225,225,225,225,225,225,225,225,225,225,225225,
15,141,225,225,225,225,225,225,225,225,225,225,225,225,225,225,225,225,225,225,225,225,225,225,225,225,225,225,225,225,225,225,225,225,225,225,225,225,225,225,225,225,225,225,225,225,225,225,225225,
14,141,225,225,225,225,225,225,225,225,225,225,225,225,225,225,225,225,225,225,225,225,225,225,225,225,225,225,225,225,225,225,225,225,225,225,225,225,225,225,225,225,225,225,225,225,225,225,182225,
15,147,225,225,225,225,225,225,225,225,225,225,225,225,225,225,225,225,225,225,225,225,225,225,225,225,225,225,225,225,225,225,225,225,225,225,225,225,225,225,225,225,225,225,225,225,225,225,225225,
14,183,225,225,225,225,225,225,225,225,225,225,225,225,225,225,225,225,225,225,225,225,225,225,225,225,225,225,225,225,225,225,225,225,225,225,225,225,225,225,225,225,225,225,225,225,225,225,225225,
21,183,225,225,225,225,225,225,225,225,225,225,225,225,225,225,225,225,225,225,225,225,225,225,225,225,225,225,225,225,225,225,225,225,225,225,225,225,225,225,225,225,225,225,225,225,225,225,225225,
14,183,225,225,225,225,225,225,225,225,225,225,225,225,225,225,225,225,225,225,225,225,225,225,225,225,225,225,225,225,225,225,225,225,225,225,225,225,225,225,225,225,225,225,225,225,225,225,182225,
21,225,225,225,225,225,225,225,225,225,225,225,225,225,225,225,225,225,225,225,225,225,225,225,225,225,225,225,225,225,225,225,225,225,225,225,225,225,225,225,225,225,225,225,225,225,225,225,225225,
56,225,225,225,225,225,225,225,225,225,225,225,225,225,225,225,225,225,225,225,225,225,225,225,225,225,225,225,225,225,225,225,225,225,225,225,225,225,225,225,225,225,225,225,225,225,225,225,225225,
57,225,225,225,225,225,225,225,225,225,225,225,225,225,225,225,225,225,225,225,225,225,225,225,225,225,225,225,225,225,225,225,225,225,225,225,225,225,225,225,225,225,225,225,225,225,225,225,225225,
57,225,225,225,225,225,225,225,225,225,225,225,225,225,225,225,225,225,225,225,225,225,225,225,225,225,225,225,225,225,225,225,225,225,225,225,225,225,225,225,225,225,225,225,225,225,225,225,182225,
62,225,182,225,182,225,182,225,225,182,225,182,225,182,225,182,225,225,182,225,182,225,182,225,182,225,182,225,225,182,225,182,225,182,225,182,225,225,182,225,182,225,225,225,182,225,182,225,225225,
99,225,225,225,225,225,225,225,182,225,225,225,225,225,225,225,225,182,225,225,225,225,225,225,225,225,225,225,182,225,225,225,225,225,225,225,225,182,225,225,225,225,182,225,225,225,225,225,182225,
98,225,225,225,225,225,225,225,225,225,225,225,225,225,225,225,225,225,225,225,225,225,225,225,225,225,225,225,225,225,225,225,225,225,225,225,225,225,225,225,225,225,225,225,225,225,225,225,225225,
105,225,225,225,225,225,225,225,225,225,225,225,225,225,225,225,225,225,225,225,225,225,225,225,225,225,225,225,225,225,225,225,225,225,225,225,225,225,225,225,225,225,225,225,225,225,225,225,225225,
141,225,225,225,225,225,225,225,225,225,225,225,225,225,225,225,225,225,225,225,225,225,225,225,225,225,225,225,225,225,225,225,225,225,225,225,225,225,225,225,225,225,225,225,225,225,225,225,182225,
141,225,225,225,225,225,225,225,225,225,225,225,225,225,225,225,225,225,225,225,225,225,225,225,225,225,225,225,225,225,225,225,225,225,225,225,225,225,225,225,225,225,225,225,225,225,225,225,225225,
141,225,225,225,225,225,225,225,225,225,225,225,225,225,225,225,225,225,225,225,225,225,225,225,225,225,225,225,225,225,225,225,225,225,225,225,225,225,225,225,225,225,225,225,225,225,225,225,225225,
141,225,225,225,225,225,225,225,225,225,225,225,225,225,225,225,225,225,225,225,225,225,225,225,225,225,225,225,225,225,225,225,225,225,225,225,225,225,225,225,225,225,225,225,225,225,225,225,225225,
147,225,225,225,225,225,225,225,225,225,225,225,225,225,225,225,225,225,225,225,225,225,225,225,225,225,225,225,225,225,225,225,225,225,225,225,225,225,225,225,225,225,225,225,225,225,225,225,182225,
176,225,225,225,225,225,225,225,225,225,225,225,225,225,225,225,225,225,225,225,225,225,225,225,225,225,225,225,225,225,225,225,225,225,225,225,225,225,225,225,225,225,225,225,225,225,225,225,225225,
183,225,225,225,225,225,225,225,225,225,225,225,225,225,225,225,225,225,225,225,225,225,225,225,225,225,225,225,225,225,225,225,225,225,225,225,225,225,225,225,225,225,225,225,225,225,225,225,225219,
183,225,225,225,225,225,225,225,225,225,225,225,225,225,225,225,225,225,225,225,225,225,225,225,225,225,225,225,225,225,225,225,225,225,225,225,225,225,225,225,225,225,225,225,225,225,225,225,225225,
225,225,225,225,225,225,225,225,225,225,225,225,225,225,225,225,225,225,225,225,225,225,225,225,225,225,225,225,225,225,225,225,225,225,225,225,225,225,225,225,225,225,225,225,225,225,225,225,182225,
189,225,225,225,225,225,225,225,225,225,225,225,225,225,225,225,225,225,225,225,225,225,225,225,225,225,225,225,225,225,225,225,225,225,225,225,225,225,225,225,225,225,225,225,225,225,225,225,225225,
225,225,225,225,225,225,225,225,225,225,225,225,225,225,225,225,225,225,225,225,225,225,225,225,225,225,225,225,225,225,225,225,225,225,225,225,225,225,225,225,225,225,225,225,225,225,225,225,225225,
225,225,225,225,225,225,225,225,225,225,225,225,225,225,225,225,225,225,225,225,225,225,225,225,225,225,225,225,225,225,225,225,225,225,225,225,225,225,225,225,225,225,225,225,225,225,225,225,225225,
225,225,225,225,225,225,225,225,225,225,225,225,225,225,225,225,225,225,225,225,225,225,225,225,225,225,225,225,225,225,225,225,225,225,225,225,225,225,225,225,225,225,225,225,225,225,225,225,182225,
225,225,225,225,225,225,225,225,225,225,225,225,225,225,225,225,225,225,225,225,225,225,225,225,225,225,225,225,225,225,225,225,225,225,225,225,225,225,225,225,225,225,225,225,225,225,225,225,225225,
,225,225,225,225,225,225,225,225,225,225,225,225,225,225,225,225,225,225,225,225,225,225,225,225,225,225,225,225,225,225,225,225,225,225,225,225,225,225,225,225,225,225,225,225,225,225,225,225,225